rank,title,year,rating,rating_count,genre,url
N/A,Spider-Man: Into the Spider-Verse,N/A,8.4,752897,"A, n, i, m, a, t, i, o, n, ,,  , A, c, t, i, o, n, ,,  , A, d, v, e, n, t, u, r, e",https://www.imdb.com/title/tt4633694/
N/A,Adaptation.,N/A,7.7,211040,"C, o, m, e, d, y, ,,  , D, r, a, m, a",https://www.imdb.com/title/tt0268126/
N/A,Moonstruck,N/A,7.2,75865,"C, o, m, e, d, y, ,,  , D, r, a, m, a, ,,  , R, o, m, a, n, c, e",https://www.imdb.com/title/tt0093565/
N/A,Leaving Las Vegas,N/A,7.5,142253,"D, r, a, m, a, ,,  , R, o, m, a, n, c, e",https://www.imdb.com/title/tt0113627/
N/A,Raising Arizona,N/A,7.3,157936,"C, o, m, e, d, y, ,,  , C, r, i, m, e",https://www.imdb.com/title/tt0093822/
N/A,Pig,N/A,6.9,101599,"D, r, a, m, a, ,,  , M, y, s, t, e, r, y",https://www.imdb.com/title/tt11003218/
N/A,Face/Off,N/A,7.3,418939,"A, c, t, i, o, n, ,,  , C, r, i, m, e, ,,  , S, c, i, -, F, i",https://www.imdb.com/title/tt0119094/
N/A,Red Rock West,N/A,7.0,27390,"C, r, i, m, e, ,,  , D, r, a, m, a, ,,  , T, h, r, i, l, l, e, r",https://www.imdb.com/title/tt0105226/
N/A,Kick-Ass,N/A,7.6,613893,"A, c, t, i, o, n, ,,  , C, o, m, e, d, y, ,,  , C, r, i, m, e",https://www.imdb.com/title/tt1250777/
N/A,The Unbearable Weight of Massive Talent,N/A,7.0,173739,"A, c, t, i, o, n, ,,  , C, o, m, e, d, y, ,,  , C, r, i, m, e",https://www.imdb.com/title/tt11291274/
N/A,Fast Times at Ridgemont High,N/A,7.1,122465,"C, o, m, e, d, y, ,,  , D, r, a, m, a",https://www.imdb.com/title/tt0083929/
N/A,Birdy,N/A,7.2,26185,"D, r, a, m, a, ,,  , W, a, r",https://www.imdb.com/title/tt0086969/
N/A,Mandy,N/A,6.5,96765,"A, c, t, i, o, n, ,,  , F, a, n, t, a, s, y, ,,  , H, o, r, r, o, r",https://www.imdb.com/title/tt6998518/
N/A,Dream Scenario,N/A,6.8,89119,"C, o, m, e, d, y, ,,  , D, r, a, m, a, ,,  , F, a, n, t, a, s, y",https://www.imdb.com/title/tt21942866/
N/A,Bringing Out the Dead,N/A,6.9,79807,"D, r, a, m, a, ,,  , T, h, r, i, l, l, e, r",https://www.imdb.com/title/tt0163988/
N/A,Matchstick Men,N/A,7.3,143415,"C, o, m, e, d, y, ,,  , C, r, i, m, e, ,,  , D, r, a, m, a",https://www.imdb.com/title/tt0325805/
N/A,Rumble Fish,N/A,7.1,40356,"C, r, i, m, e, ,,  , D, r, a, m, a, ,,  , R, o, m, a, n, c, e",https://www.imdb.com/title/tt0086216/
N/A,The Rock,N/A,7.4,373727,"A, c, t, i, o, n, ,,  , A, d, v, e, n, t, u, r, e, ,,  , T, h, r, i, l, l, e, r",https://www.imdb.com/title/tt0117500/
N/A,Joe,N/A,6.8,52943,"C, r, i, m, e, ,,  , D, r, a, m, a, ,,  , T, h, r, i, l, l, e, r",https://www.imdb.com/title/tt2382396/
N/A,Wild at Heart,N/A,7.2,109624,"C, r, i, m, e, ,,  , D, r, a, m, a, ,,  , T, h, r, i, l, l, e, r",https://www.imdb.com/title/tt0100935/
N/A,Lord of War,N/A,7.6,352628,"C, r, i, m, e, ,,  , D, r, a, m, a",https://www.imdb.com/title/tt0399295/
N/A,Valley Girl,N/A,6.4,20402,"C, o, m, e, d, y, ,,  , R, o, m, a, n, c, e",https://www.imdb.com/title/tt0086525/
N/A,Teen Titans Go! To the Movies,N/A,6.7,23190,"A, n, i, m, a, t, i, o, n, ,,  , A, c, t, i, o, n, ,,  , A, d, v, e, n, t, u, r, e",https://www.imdb.com/title/tt7424200/
N/A,The Bad Lieutenant: Port of Call - New Orleans,N/A,6.6,83640,"C, r, i, m, e, ,,  , D, r, a, m, a, ,,  , M, y, s, t, e, r, y",https://www.imdb.com/title/tt1095217/
N/A,Longlegs,N/A,6.6,205038,"C, r, i, m, e, ,,  , H, o, r, r, o, r, ,,  , M, y, s, t, e, r, y",https://www.imdb.com/title/tt23468450/
N/A,Peggy Sue Got Married,N/A,6.4,43132,"C, o, m, e, d, y, ,,  , D, r, a, m, a, ,,  , F, a, n, t, a, s, y",https://www.imdb.com/title/tt0091738/
N/A,The Croods,N/A,7.1,246008,"A, n, i, m, a, t, i, o, n, ,,  , A, d, v, e, n, t, u, r, e, ,,  , C, o, m, e, d, y",https://www.imdb.com/title/tt0481499/
N/A,Color Out of Space,N/A,6.1,62700,"H, o, r, r, o, r, ,,  , M, y, s, t, e, r, y, ,,  , S, c, i, -, F, i",https://www.imdb.com/title/tt5073642/
N/A,The Cotton Club,N/A,6.6,20711,"C, r, i, m, e, ,,  , D, r, a, m, a, ,,  , M, u, s, i, c",https://www.imdb.com/title/tt0087089/
N/A,The Croods: A New Age,N/A,6.9,58654,"A, n, i, m, a, t, i, o, n, ,,  , A, d, v, e, n, t, u, r, e, ,,  , C, o, m, e, d, y",https://www.imdb.com/title/tt2850386/
N/A,The Surfer,N/A,6.0,15067,"T, h, r, i, l, l, e, r",https://www.imdb.com/title/tt27813235/
N/A,City of Angels,N/A,6.7,132688,"D, r, a, m, a, ,,  , F, a, n, t, a, s, y, ,,  , R, o, m, a, n, c, e",https://www.imdb.com/title/tt0120632/
N/A,Snowden,N/A,7.3,169935,"B, i, o, g, r, a, p, h, y, ,,  , C, r, i, m, e, ,,  , D, r, a, m, a",https://www.imdb.com/title/tt3774114/
N/A,Con Air,N/A,6.9,333896,"A, c, t, i, o, n, ,,  , C, r, i, m, e, ,,  , T, h, r, i, l, l, e, r",https://www.imdb.com/title/tt0118880/
N/A,Racing with the Moon,N/A,6.6,5523,"C, o, m, e, d, y, ,,  , D, r, a, m, a, ,,  , R, o, m, a, n, c, e",https://www.imdb.com/title/tt0087968/
N/A,It Could Happen to You,N/A,6.4,47309,"C, o, m, e, d, y, ,,  , D, r, a, m, a, ,,  , R, o, m, a, n, c, e",https://www.imdb.com/title/tt0110167/
N/A,World Trade Center,N/A,6.0,90720,"D, r, a, m, a, ,,  , H, i, s, t, o, r, y, ,,  , T, h, r, i, l, l, e, r",https://www.imdb.com/title/tt0469641/
N/A,Renfield,N/A,6.4,115961,"A, c, t, i, o, n, ,,  , C, o, m, e, d, y, ,,  , F, a, n, t, a, s, y",https://www.imdb.com/title/tt11358390/
N/A,The Weather Man,N/A,6.5,85304,"C, o, m, e, d, y, ,,  , D, r, a, m, a",https://www.imdb.com/title/tt0384680/
N/A,Butcher&apos;s Crossing,N/A,5.6,6945,"A, d, v, e, n, t, u, r, e, ,,  , D, r, a, m, a, ,,  , W, e, s, t, e, r, n",https://www.imdb.com/title/tt1462759/
N/A,National Treasure,N/A,6.9,370957,"A, c, t, i, o, n, ,,  , A, d, v, e, n, t, u, r, e, ,,  , M, y, s, t, e, r, y",https://www.imdb.com/title/tt0368891/
N/A,The Family Man,N/A,6.8,127112,"C, o, m, e, d, y, ,,  , D, r, a, m, a, ,,  , F, a, n, t, a, s, y",https://www.imdb.com/title/tt0218967/
N/A,Mom and Dad,N/A,5.6,29223,"C, o, m, e, d, y, ,,  , H, o, r, r, o, r, ,,  , T, h, r, i, l, l, e, r",https://www.imdb.com/title/tt5462326/
N/A,Kiss of Death,N/A,6.0,20925,"C, r, i, m, e, ,,  , D, r, a, m, a, ,,  , T, h, r, i, l, l, e, r",https://www.imdb.com/title/tt0113552/
N/A,Guarding Tess,N/A,6.2,20398,"C, o, m, e, d, y, ,,  , D, r, a, m, a",https://www.imdb.com/title/tt0109951/
N/A,Vampire&apos;s Kiss,N/A,6.1,23881,"C, o, m, e, d, y, ,,  , C, r, i, m, e, ,,  , F, a, n, t, a, s, y",https://www.imdb.com/title/tt0098577/
N/A,Honeymoon in Vegas,N/A,5.9,20059,"C, o, m, e, d, y, ,,  , R, o, m, a, n, c, e, ,,  , T, h, r, i, l, l, e, r",https://www.imdb.com/title/tt0104438/
N/A,National Treasure: Book of Secrets,N/A,6.5,263653,"A, c, t, i, o, n, ,,  , A, d, v, e, n, t, u, r, e, ,,  , M, y, s, t, e, r, y",https://www.imdb.com/title/tt0465234/
N/A,Astro Boy,N/A,6.2,42052,"A, n, i, m, a, t, i, o, n, ,,  , A, c, t, i, o, n, ,,  , A, d, v, e, n, t, u, r, e",https://www.imdb.com/title/tt0375568/
N/A,Willy&apos;s Wonderland,N/A,5.5,42720,"A, c, t, i, o, n, ,,  , C, o, m, e, d, y, ,,  , H, o, r, r, o, r",https://www.imdb.com/title/tt8114980/
N/A,Snake Eyes,N/A,6.1,90736,"C, r, i, m, e, ,,  , M, y, s, t, e, r, y, ,,  , T, h, r, i, l, l, e, r",https://www.imdb.com/title/tt0120832/
N/A,Sympathy for the Devil,N/A,5.5,13248,"A, c, t, i, o, n, ,,  , T, h, r, i, l, l, e, r",https://www.imdb.com/title/tt21991654/
N/A,The Ant Bully,N/A,5.8,43580,"A, n, i, m, a, t, i, o, n, ,,  , A, d, v, e, n, t, u, r, e, ,,  , C, o, m, e, d, y",https://www.imdb.com/title/tt0429589/
N/A,Windtalkers,N/A,6.1,76193,"A, c, t, i, o, n, ,,  , D, r, a, m, a, ,,  , W, a, r",https://www.imdb.com/title/tt0245562/
N/A,Gone in Sixty Seconds,N/A,6.5,305565,"A, c, t, i, o, n, ,,  , C, r, i, m, e, ,,  , T, h, r, i, l, l, e, r",https://www.imdb.com/title/tt0187078/
N/A,The Trust,N/A,5.5,21659,"A, c, t, i, o, n, ,,  , C, r, i, m, e, ,,  , D, r, a, m, a",https://www.imdb.com/title/tt3733774/
N/A,Arcadian,N/A,5.5,25766,"A, c, t, i, o, n, ,,  , D, r, a, m, a, ,,  , H, o, r, r, o, r",https://www.imdb.com/title/tt22939186/
N/A,The Sorcerer&apos;s Apprentice,N/A,6.1,174775,"A, c, t, i, o, n, ,,  , A, d, v, e, n, t, u, r, e, ,,  , F, a, m, i, l, y",https://www.imdb.com/title/tt0963966/
N/A,The Frozen Ground,N/A,6.4,71564,"B, i, o, g, r, a, p, h, y, ,,  , C, r, i, m, e, ,,  , D, r, a, m, a",https://www.imdb.com/title/tt2005374/
N/A,The Old Way,N/A,5.6,10672,"A, c, t, i, o, n, ,,  , D, r, a, m, a, ,,  , W, e, s, t, e, r, n",https://www.imdb.com/title/tt8593824/
N/A,Knowing,N/A,6.2,258526,"M, y, s, t, e, r, y, ,,  , S, c, i, -, F, i, ,,  , T, h, r, i, l, l, e, r",https://www.imdb.com/title/tt0448011/
N/A,Next,N/A,6.2,172528,"A, c, t, i, o, n, ,,  , S, c, i, -, F, i, ,,  , T, h, r, i, l, l, e, r",https://www.imdb.com/title/tt0435705/
N/A,Trapped in Paradise,N/A,5.9,17411,"A, d, v, e, n, t, u, r, e, ,,  , C, o, m, e, d, y, ,,  , C, r, i, m, e",https://www.imdb.com/title/tt0111477/
N/A,Captain Corelli&apos;s Mandolin,N/A,5.9,37032,"D, r, a, m, a, ,,  , M, u, s, i, c, ,,  , R, o, m, a, n, c, e",https://www.imdb.com/title/tt0238112/
N/A,Amos &amp; Andrew,N/A,5.7,10314,"C, o, m, e, d, y, ,,  , C, r, i, m, e",https://www.imdb.com/title/tt0106266/
N/A,Seeking Justice,N/A,6.1,48989,"A, c, t, i, o, n, ,,  , D, r, a, m, a, ,,  , M, y, s, t, e, r, y",https://www.imdb.com/title/tt1214962/
N/A,The Retirement Plan,N/A,5.1,10623,"A, c, t, i, o, n, ,,  , C, o, m, e, d, y, ,,  , C, r, i, m, e",https://www.imdb.com/title/tt14827638/
N/A,Dog Eat Dog,N/A,4.8,10242,"A, c, t, i, o, n, ,,  , C, r, i, m, e, ,,  , T, h, r, i, l, l, e, r",https://www.imdb.com/title/tt4054654/
N/A,8MM,N/A,6.6,149028,"C, r, i, m, e, ,,  , D, r, a, m, a, ,,  , M, y, s, t, e, r, y",https://www.imdb.com/title/tt0134273/
N/A,Prisoners of the Ghostland,N/A,4.2,15368,"F, a, n, t, a, s, y, ,,  , H, o, r, r, o, r, ,,  , T, h, r, i, l, l, e, r",https://www.imdb.com/title/tt6372694/
N/A,Drive Angry,N/A,5.4,105803,"A, c, t, i, o, n, ,,  , C, o, m, e, d, y, ,,  , F, a, n, t, a, s, y",https://www.imdb.com/title/tt1502404/
N/A,Inconceivable,N/A,5.2,11293,"D, r, a, m, a, ,,  , T, h, r, i, l, l, e, r",https://www.imdb.com/title/tt3481634/
N/A,Army of One,N/A,5.2,9549,"B, i, o, g, r, a, p, h, y, ,,  , C, o, m, e, d, y, ,,  , C, r, i, m, e",https://www.imdb.com/title/tt4382824/
N/A,The Boy in Blue,N/A,5.3,1517,"B, i, o, g, r, a, p, h, y, ,,  , D, r, a, m, a, ,,  , S, p, o, r, t",https://www.imdb.com/title/tt0090769/
N/A,Sonny,N/A,5.6,4766,"C, r, i, m, e, ,,  , D, r, a, m, a",https://www.imdb.com/title/tt0305973/
N/A,Ghost Rider,N/A,5.3,264351,"A, c, t, i, o, n, ,,  , F, a, n, t, a, s, y, ,,  , T, h, r, i, l, l, e, r",https://www.imdb.com/title/tt0259324/
N/A,Stolen,N/A,5.5,47293,"A, c, t, i, o, n, ,,  , C, r, i, m, e, ,,  , T, h, r, i, l, l, e, r",https://www.imdb.com/title/tt1656186/
N/A,Running with the Devil,N/A,5.4,11172,"C, r, i, m, e, ,,  , D, r, a, m, a, ,,  , T, h, r, i, l, l, e, r",https://www.imdb.com/title/tt5792656/
N/A,Tempo di uccidere,N/A,5.0,1101,"D, r, a, m, a, ,,  , W, a, r",https://www.imdb.com/title/tt0100762/
N/A,G-Force,N/A,5.1,52441,"A, n, i, m, a, t, i, o, n, ,,  , A, c, t, i, o, n, ,,  , A, d, v, e, n, t, u, r, e",https://www.imdb.com/title/tt0436339/
N/A,Kill Chain,N/A,5.0,6334,"A, c, t, i, o, n, ,,  , D, r, a, m, a, ,,  , T, h, r, i, l, l, e, r",https://www.imdb.com/title/tt8535180/
N/A,The Runner,N/A,4.7,6147,"D, r, a, m, a",https://www.imdb.com/title/tt3687398/
N/A,Vengeance: A Love Story,N/A,5.2,9661,"A, c, t, i, o, n, ,,  , A, d, v, e, n, t, u, r, e, ,,  , C, r, i, m, e",https://www.imdb.com/title/tt5460530/
N/A,Fire Birds,N/A,4.8,7718,"A, c, t, i, o, n, ,,  , A, d, v, e, n, t, u, r, e",https://www.imdb.com/title/tt0099575/
N/A,Zandalee,N/A,4.3,4452,"D, r, a, m, a, ,,  , R, o, m, a, n, c, e, ,,  , T, h, r, i, l, l, e, r",https://www.imdb.com/title/tt0101004/
N/A,Season of the Witch,N/A,5.4,101349,"A, c, t, i, o, n, ,,  , A, d, v, e, n, t, u, r, e, ,,  , F, a, n, t, a, s, y",https://www.imdb.com/title/tt0479997/
N/A,Grand Isle,N/A,4.7,6228,"C, r, i, m, e, ,,  , M, y, s, t, e, r, y, ,,  , T, h, r, i, l, l, e, r",https://www.imdb.com/title/tt8380776/
N/A,Trespass,N/A,5.3,46901,"C, r, i, m, e, ,,  , D, r, a, m, a, ,,  , M, y, s, t, e, r, y",https://www.imdb.com/title/tt1674784/
N/A,Between Worlds,N/A,3.9,8337,"F, a, n, t, a, s, y, ,,  , M, y, s, t, e, r, y, ,,  , T, h, r, i, l, l, e, r",https://www.imdb.com/title/tt7295450/
N/A,A Score to Settle,N/A,4.8,7690,"A, c, t, i, o, n, ,,  , C, r, i, m, e, ,,  , D, r, a, m, a",https://www.imdb.com/title/tt3758162/
N/A,USS Indianapolis: Men of Courage,N/A,5.3,15190,"A, c, t, i, o, n, ,,  , D, r, a, m, a, ,,  , H, i, s, t, o, r, y",https://www.imdb.com/title/tt2032572/
N/A,Primal,N/A,4.9,12150,"A, c, t, i, o, n, ,,  , T, h, r, i, l, l, e, r",https://www.imdb.com/title/tt7394816/
N/A,Dying of the Light,N/A,4.5,12033,"A, c, t, i, o, n, ,,  , D, r, a, m, a, ,,  , T, h, r, i, l, l, e, r",https://www.imdb.com/title/tt1274586/
N/A,Ghost Rider: Spirit of Vengeance,N/A,4.4,131855,"A, c, t, i, o, n, ,,  , F, a, n, t, a, s, y, ,,  , T, h, r, i, l, l, e, r",https://www.imdb.com/title/tt1071875/
N/A,Bangkok Dangerous,N/A,5.3,59266,"A, c, t, i, o, n, ,,  , C, r, i, m, e, ,,  , T, h, r, i, l, l, e, r",https://www.imdb.com/title/tt0814022/
N/A,Tokarev,N/A,5.0,26179,"A, c, t, i, o, n, ,,  , T, h, r, i, l, l, e, r",https://www.imdb.com/title/tt2401807/
N/A,Deadfall,N/A,4.0,4094,"C, r, i, m, e, ,,  , D, r, a, m, a",https://www.imdb.com/title/tt0106684/
N/A,Pay the Ghost,N/A,5.2,19808,"H, o, r, r, o, r, ,,  , M, y, s, t, e, r, y",https://www.imdb.com/title/tt3733778/
N/A,Looking Glass,N/A,4.7,8614,"M, y, s, t, e, r, y, ,,  , T, h, r, i, l, l, e, r",https://www.imdb.com/title/tt6083648/
N/A,Outcast,N/A,4.6,14794,"A, c, t, i, o, n, ,,  , A, d, v, e, n, t, u, r, e, ,,  , T, h, r, i, l, l, e, r",https://www.imdb.com/title/tt1552224/
N/A,The Humanity Bureau,N/A,4.5,12560,"A, c, t, i, o, n, ,,  , S, c, i, -, F, i, ,,  , T, h, r, i, l, l, e, r",https://www.imdb.com/title/tt6143568/
N/A,Jiu Jitsu,N/A,2.9,11114,"A, c, t, i, o, n, ,,  , S, c, i, -, F, i, ,,  , T, h, r, i, l, l, e, r",https://www.imdb.com/title/tt9624766/
N/A,The Wicker Man,N/A,3.8,73884,"H, o, r, r, o, r, ,,  , M, y, s, t, e, r, y, ,,  , T, h, r, i, l, l, e, r",https://www.imdb.com/title/tt0450345/
N/A,Arsenal,N/A,4.0,5243,"A, c, t, i, o, n, ,,  , C, r, i, m, e, ,,  , T, h, r, i, l, l, e, r",https://www.imdb.com/title/tt5580536/
N/A,Left Behind,N/A,3.1,43930,"A, c, t, i, o, n, ,,  , F, a, n, t, a, s, y, ,,  , S, c, i, -, F, i",https://www.imdb.com/title/tt2467046/
N/A,211,N/A,4.4,10236,"A, c, t, i, o, n, ,,  , D, r, a, m, a, ,,  , T, h, r, i, l, l, e, r",https://www.imdb.com/title/tt4976192/
